rule_id,dimension,operator,threshold,unit,scope,decision_use,precommit_status
AFB-P1RULE-0001,coverage_minimum,greater_than_or_equal,9,annual_equivalent_periods,full_panel,classification_gate,fixed_before_panel
AFB-P1RULE-0002,coverage_per_window,greater_than_or_equal,2,periods_each,"1789-1792;1793-1797;1798-1803",classification_gate,fixed_before_panel
AFB-P1RULE-0003,period_nonloan_dominance,greater_than,0.50,share,admissible_period,Cs_period_pass,fixed_before_panel
AFB-P1RULE-0004,period_usable_inflow_dominance,greater_than,0.50,share,admissible_period,Cu_period_pass,fixed_before_panel
AFB-P1RULE-0005,within_statement_tolerance,less_than_or_equal,"max(1 USD;0.0001*reported_total)",nominal_usd,printed_statement,arithmetic_reconciliation,fixed_before_panel
AFB-P1RULE-0006,cross_statement_primary_tolerance,less_than_or_equal,0.005,relative_difference,definition_compatible_totals,primary_admission,fixed_before_panel
AFB-P1RULE-0007,cross_statement_provisional_ceiling,less_than_or_equal,0.020,relative_difference,definition_compatible_totals,sensitivity_only,fixed_before_panel
AFB-P1RULE-0008,pass_period_share,greater_than_or_equal,0.6666667,share_of_admissible_periods,both_Cs_and_Cu,pass_required,fixed_before_panel
AFB-P1RULE-0009,fail_period_share,less_than,0.50,share_of_admissible_periods,Cs,fail_sufficient,fixed_before_panel
